parent_seq,variant_seq,parent_pos,variant_pos,variant_sig
M,M,1,1,No
F,F,2,2,No
V,V,3,3,No
F,F,4,4,No
L,L,5,5,No
V,V,6,6,No
L,L,7,7,No
L,L,8,8,No
P,P,9,9,No
L,L,10,10,No
V,V,11,11,No
S,S,12,12,No
S,S,13,13,No
Q,Q,14,14,No
C,C,15,15,No
V,V,16,16,No
N,N,17,17,No
L,L,18,18,No
T,T,19,19,No
T,T,20,20,No
R,R,21,21,No
T,T,22,22,No
Q,Q,23,23,No
L,L,24,24,No
P,P,25,25,No
P,P,26,26,No
A,A,27,27,No
Y,Y,28,28,No
T,T,29,29,No
N,N,30,30,No
S,S,31,31,No
F,F,32,32,No
T,T,33,33,No
R,R,34,34,No
G,G,35,35,No
V,V,36,36,No
Y,Y,37,37,No
Y,Y,38,38,No
P,P,39,39,No
D,D,40,40,No
K,K,41,41,No
V,V,42,42,No
F,F,43,43,No
R,R,44,44,No
S,S,45,45,No
S,S,46,46,No
V,V,47,47,No
L,L,48,48,No
H,H,49,49,No
S,S,50,50,No
T,T,51,51,No
Q,Q,52,52,No
D,D,53,53,No
L,L,54,54,No
F,F,55,55,No
L,L,56,56,No
P,P,57,57,No
F,F,58,58,No
F,F,59,59,No
S,S,60,60,No
N,N,61,61,No
V,V,62,62,No
T,T,63,63,No
W,W,64,64,No
F,F,65,65,No
H,H,66,66,No
A,V,67,67,Yes
I,I,68,68,No
H,,69,,Yes
V,,70,,Yes
S,S,71,69,No
G,G,72,70,No
T,T,73,71,No
N,N,74,72,No
G,G,75,73,No
T,T,76,74,No
K,K,77,75,No
R,R,78,76,No
F,F,79,77,No
D,D,80,78,No
N,N,81,79,No
P,P,82,80,No
V,V,83,81,No
L,L,84,82,No
P,P,85,83,No
F,F,86,84,No
N,N,87,85,No
D,D,88,86,No
G,G,89,87,No
V,V,90,88,No
Y,Y,91,89,No
F,F,92,90,No
A,A,93,91,No
S,S,94,92,No
T,I,95,93,Yes
E,E,96,94,No
K,K,97,95,No
S,S,98,96,No
N,N,99,97,No
I,I,100,98,No
I,I,101,99,No
R,R,102,100,No
G,G,103,101,No
W,W,104,102,No
I,I,105,103,No
F,F,106,104,No
G,G,107,105,No
T,T,108,106,No
T,T,109,107,No
L,L,110,108,No
D,D,111,109,No
S,S,112,110,No
K,K,113,111,No
T,T,114,112,No
Q,Q,115,113,No
S,S,116,114,No
L,L,117,115,No
L,L,118,116,No
I,I,119,117,No
V,V,120,118,No
N,N,121,119,No
N,N,122,120,No
A,A,123,121,No
T,T,124,122,No
N,N,125,123,No
V,V,126,124,No
V,V,127,125,No
I,I,128,126,No
K,K,129,127,No
V,V,130,128,No
C,C,131,129,No
E,E,132,130,No
F,F,133,131,No
Q,Q,134,132,No
F,F,135,133,No
C,C,136,134,No
N,N,137,135,No
D,D,138,136,No
P,P,139,137,No
F,F,140,138,No
L,L,141,139,No
G,D,142,140,Yes
V,,143,,Yes
Y,,144,,Yes
Y,,145,,Yes
H,H,146,141,No
K,K,147,142,No
N,N,148,143,No
N,N,149,144,No
K,K,150,145,No
S,S,151,146,No
W,W,152,147,No
M,M,153,148,No
E,E,154,149,No
S,S,155,150,No
E,E,156,151,No
F,F,157,152,No
R,R,158,153,No
V,V,159,154,No
Y,Y,160,155,No
S,S,161,156,No
S,S,162,157,No
A,A,163,158,No
N,N,164,159,No
N,N,165,160,No
C,C,166,161,No
T,T,167,162,No
F,F,168,163,No
E,E,169,164,No
Y,Y,170,165,No
V,V,171,166,No
S,S,172,167,No
Q,Q,173,168,No
P,P,174,169,No
F,F,175,170,No
L,L,176,171,No
M,M,177,172,No
D,D,178,173,No
L,L,179,174,No
E,E,180,175,No
G,G,181,176,No
K,K,182,177,No
Q,Q,183,178,No
G,G,184,179,No
N,N,185,180,No
F,F,186,181,No
K,K,187,182,No
N,N,188,183,No
L,L,189,184,No
R,R,190,185,No
E,E,191,186,No
F,F,192,187,No
V,V,193,188,No
F,F,194,189,No
K,K,195,190,No
N,N,196,191,No
I,I,197,192,No
D,D,198,193,No
G,G,199,194,No
Y,Y,200,195,No
F,F,201,196,No
K,K,202,197,No
I,I,203,198,No
Y,Y,204,199,No
S,S,205,200,No
K,K,206,201,No
H,H,207,202,No
T,T,208,203,No
P,P,209,204,No
I,I,210,205,No
N,,211,,Yes
L,I,212,206,Yes
V,V,213,207,No
R,R,214,208,No
,E,,209,Yes
,P,,210,Yes
,E,,211,Yes
D,D,215,212,No
L,L,216,213,No
P,P,217,214,No
Q,Q,218,215,No
G,G,219,216,No
F,F,220,217,No
S,S,221,218,No
A,A,222,219,No
L,L,223,220,No
E,E,224,221,No
P,P,225,222,No
L,L,226,223,No
V,V,227,224,No
D,D,228,225,No
L,L,229,226,No
P,P,230,227,No
I,I,231,228,No
G,G,232,229,No
I,I,233,230,No
N,N,234,231,No
I,I,235,232,No
T,T,236,233,No
R,R,237,234,No
F,F,238,235,No
Q,Q,239,236,No
T,T,240,237,No
L,L,241,238,No
L,L,242,239,No
A,A,243,240,No
L,L,244,241,No
H,H,245,242,No
R,R,246,243,No
S,S,247,244,No
Y,Y,248,245,No
L,L,249,246,No
T,T,250,247,No
P,P,251,248,No
G,G,252,249,No
D,D,253,250,No
S,S,254,251,No
S,S,255,252,No
S,S,256,253,No
G,G,257,254,No
W,W,258,255,No
T,T,259,256,No
A,A,260,257,No
G,G,261,258,No
A,A,262,259,No
A,A,263,260,No
A,A,264,261,No
Y,Y,265,262,No
Y,Y,266,263,No
V,V,267,264,No
G,G,268,265,No
Y,Y,269,266,No
L,L,270,267,No
Q,Q,271,268,No
P,P,272,269,No
R,R,273,270,No
T,T,274,271,No
F,F,275,272,No
L,L,276,273,No
L,L,277,274,No
K,K,278,275,No
Y,Y,279,276,No
N,N,280,277,No
E,E,281,278,No
N,N,282,279,No
G,G,283,280,No
T,T,284,281,No
I,I,285,282,No
T,T,286,283,No
D,D,287,284,No
A,A,288,285,No
V,V,289,286,No
D,D,290,287,No
C,C,291,288,No
A,A,292,289,No
L,L,293,290,No
D,D,294,291,No
P,P,295,292,No
L,L,296,293,No
S,S,297,294,No
E,E,298,295,No
T,T,299,296,No
K,K,300,297,No
C,C,301,298,No
T,T,302,299,No
L,L,303,300,No
K,K,304,301,No
S,S,305,302,No
F,F,306,303,No
T,T,307,304,No
V,V,308,305,No
E,E,309,306,No
K,K,310,307,No
G,G,311,308,No
I,I,312,309,No
Y,Y,313,310,No
Q,Q,314,311,No
T,T,315,312,No
S,S,316,313,No
N,N,317,314,No
F,F,318,315,No
R,R,319,316,No
V,V,320,317,No
Q,Q,321,318,No
P,P,322,319,No
T,T,323,320,No
E,E,324,321,No
S,S,325,322,No
I,I,326,323,No
V,V,327,324,No
R,R,328,325,No
F,F,329,326,No
P,P,330,327,No
N,N,331,328,No
I,I,332,329,No
T,T,333,330,No
N,N,334,331,No
L,L,335,332,No
C,C,336,333,No
P,P,337,334,No
F,F,338,335,No
G,D,339,336,Yes
E,E,340,337,No
V,V,341,338,No
F,F,342,339,No
N,N,343,340,No
A,A,344,341,No
T,T,345,342,No
R,R,346,343,No
F,F,347,344,No
A,A,348,345,No
S,S,349,346,No
V,V,350,347,No
Y,Y,351,348,No
A,A,352,349,No
W,W,353,350,No
N,N,354,351,No
R,R,355,352,No
K,K,356,353,No
R,R,357,354,No
I,I,358,355,No
S,S,359,356,No
N,N,360,357,No
C,C,361,358,No
V,V,362,359,No
A,A,363,360,No
D,D,364,361,No
Y,Y,365,362,No
S,S,366,363,No
V,V,367,364,No
L,L,368,365,No
Y,Y,369,366,No
N,N,370,367,No
S,L,371,368,Yes
A,A,372,369,No
S,P,373,370,Yes
F,F,374,371,No
S,F,375,372,Yes
T,T,376,373,No
F,F,377,374,No
K,K,378,375,No
C,C,379,376,No
Y,Y,380,377,No
G,G,381,378,No
V,V,382,379,No
S,S,383,380,No
P,P,384,381,No
T,T,385,382,No
K,K,386,383,No
L,L,387,384,No
N,N,388,385,No
D,D,389,386,No
L,L,390,387,No
C,C,391,388,No
F,F,392,389,No
T,T,393,390,No
N,N,394,391,No
V,V,395,392,No
Y,Y,396,393,No
A,A,397,394,No
D,D,398,395,No
S,S,399,396,No
F,F,400,397,No
V,V,401,398,No
I,I,402,399,No
R,R,403,400,No
G,G,404,401,No
D,D,405,402,No
E,E,406,403,No
V,V,407,404,No
R,R,408,405,No
Q,Q,409,406,No
I,I,410,407,No
A,A,411,408,No
P,P,412,409,No
G,G,413,410,No
Q,Q,414,411,No
T,T,415,412,No
G,G,416,413,No
K,N,417,414,Yes
I,I,418,415,No
A,A,419,416,No
D,D,420,417,No
Y,Y,421,418,No
N,N,422,419,No
Y,Y,423,420,No
K,K,424,421,No
L,L,425,422,No
P,P,426,423,No
D,D,427,424,No
D,D,428,425,No
F,F,429,426,No
T,T,430,427,No
G,G,431,428,No
C,C,432,429,No
V,V,433,430,No
I,I,434,431,No
A,A,435,432,No
W,W,436,433,No
N,N,437,434,No
S,S,438,435,No
N,N,439,436,No
N,K,440,437,Yes
L,L,441,438,No
D,D,442,439,No
S,S,443,440,No
K,K,444,441,No
V,V,445,442,No
G,S,446,443,Yes
G,G,447,444,No
N,N,448,445,No
Y,Y,449,446,No
N,N,450,447,No
Y,Y,451,448,No
L,L,452,449,No
Y,Y,453,450,No
R,R,454,451,No
L,L,455,452,No
F,F,456,453,No
R,R,457,454,No
K,K,458,455,No
S,S,459,456,No
N,N,460,457,No
L,L,461,458,No
K,K,462,459,No
P,P,463,460,No
F,F,464,461,No
E,E,465,462,No
R,R,466,463,No
D,D,467,464,No
I,I,468,465,No
S,S,469,466,No
T,T,470,467,No
E,E,471,468,No
I,I,472,469,No
Y,Y,473,470,No
Q,Q,474,471,No
A,A,475,472,No
G,G,476,473,No
S,N,477,474,Yes
T,K,478,475,Yes
P,P,479,476,No
C,C,480,477,No
N,N,481,478,No
G,G,482,479,No
V,V,483,480,No
E,A,484,481,Yes
G,G,485,482,No
F,F,486,483,No
N,N,487,484,No
C,C,488,485,No
Y,Y,489,486,No
F,F,490,487,No
P,P,491,488,No
L,L,492,489,No
Q,R,493,490,Yes
S,S,494,491,No
Y,Y,495,492,No
G,S,496,493,Yes
F,F,497,494,No
Q,R,498,495,Yes
P,P,499,496,No
T,T,500,497,No
N,Y,501,498,Yes
G,G,502,499,No
V,V,503,500,No
G,G,504,501,No
Y,H,505,502,Yes
Q,Q,506,503,No
P,P,507,504,No
Y,Y,508,505,No
R,R,509,506,No
V,V,510,507,No
V,V,511,508,No
V,V,512,509,No
L,L,513,510,No
S,S,514,511,No
F,F,515,512,No
E,E,516,513,No
L,L,517,514,No
L,L,518,515,No
H,H,519,516,No
A,A,520,517,No
P,P,521,518,No
A,A,522,519,No
T,T,523,520,No
V,V,524,521,No
C,C,525,522,No
G,G,526,523,No
P,P,527,524,No
K,K,528,525,No
K,K,529,526,No
S,S,530,527,No
T,T,531,528,No
N,N,532,529,No
L,L,533,530,No
V,V,534,531,No
K,K,535,532,No
N,N,536,533,No
K,K,537,534,No
C,C,538,535,No
V,V,539,536,No
N,N,540,537,No
F,F,541,538,No
N,N,542,539,No
F,F,543,540,No
N,N,544,541,No
G,G,545,542,No
L,L,546,543,No
T,K,547,544,Yes
G,G,548,545,No
T,T,549,546,No
G,G,550,547,No
V,V,551,548,No
L,L,552,549,No
T,T,553,550,No
E,E,554,551,No
S,S,555,552,No
N,N,556,553,No
K,K,557,554,No
K,K,558,555,No
F,F,559,556,No
L,L,560,557,No
P,P,561,558,No
F,F,562,559,No
Q,Q,563,560,No
Q,Q,564,561,No
F,F,565,562,No
G,G,566,563,No
R,R,567,564,No
D,D,568,565,No
I,I,569,566,No
A,A,570,567,No
D,D,571,568,No
T,T,572,569,No
T,T,573,570,No
D,D,574,571,No
A,A,575,572,No
V,V,576,573,No
R,R,577,574,No
D,D,578,575,No
P,P,579,576,No
Q,Q,580,577,No
T,T,581,578,No
L,L,582,579,No
E,E,583,580,No
I,I,584,581,No
L,L,585,582,No
D,D,586,583,No
I,I,587,584,No
T,T,588,585,No
P,P,589,586,No
C,C,590,587,No
S,S,591,588,No
F,F,592,589,No
G,G,593,590,No
G,G,594,591,No
V,V,595,592,No
S,S,596,593,No
V,V,597,594,No
I,I,598,595,No
T,T,599,596,No
P,P,600,597,No
G,G,601,598,No
T,T,602,599,No
N,N,603,600,No
T,T,604,601,No
S,S,605,602,No
N,N,606,603,No
Q,Q,607,604,No
V,V,608,605,No
A,A,609,606,No
V,V,610,607,No
L,L,611,608,No
Y,Y,612,609,No
Q,Q,613,610,No
D,G,614,611,Yes
V,V,615,612,No
N,N,616,613,No
C,C,617,614,No
T,T,618,615,No
E,E,619,616,No
V,V,620,617,No
P,P,621,618,No
V,V,622,619,No
A,A,623,620,No
I,I,624,621,No
H,H,625,622,No
A,A,626,623,No
D,D,627,624,No
Q,Q,628,625,No
L,L,629,626,No
T,T,630,627,No
P,P,631,628,No
T,T,632,629,No
W,W,633,630,No
R,R,634,631,No
V,V,635,632,No
Y,Y,636,633,No
S,S,637,634,No
T,T,638,635,No
G,G,639,636,No
S,S,640,637,No
N,N,641,638,No
V,V,642,639,No
F,F,643,640,No
Q,Q,644,641,No
T,T,645,642,No
R,R,646,643,No
A,A,647,644,No
G,G,648,645,No
C,C,649,646,No
L,L,650,647,No
I,I,651,648,No
G,G,652,649,No
A,A,653,650,No
E,E,654,651,No
H,Y,655,652,Yes
V,V,656,653,No
N,N,657,654,No
N,N,658,655,No
S,S,659,656,No
Y,Y,660,657,No
E,E,661,658,No
C,C,662,659,No
D,D,663,660,No
I,I,664,661,No
P,P,665,662,No
I,I,666,663,No
G,G,667,664,No
A,A,668,665,No
G,G,669,666,No
I,I,670,667,No
C,C,671,668,No
A,A,672,669,No
S,S,673,670,No
Y,Y,674,671,No
Q,Q,675,672,No
T,T,676,673,No
Q,Q,677,674,No
T,T,678,675,No
N,K,679,676,Yes
S,S,680,677,No
P,H,681,678,Yes
R,R,682,679,No
R,R,683,680,No
A,A,684,681,No
R,R,685,682,No
S,S,686,683,No
V,V,687,684,No
A,A,688,685,No
S,S,689,686,No
Q,Q,690,687,No
S,S,691,688,No
I,I,692,689,No
I,I,693,690,No
A,A,694,691,No
Y,Y,695,692,No
T,T,696,693,No
M,M,697,694,No
S,S,698,695,No
L,L,699,696,No
G,G,700,697,No
A,A,701,698,No
E,E,702,699,No
N,N,703,700,No
S,S,704,701,No
V,V,705,702,No
A,A,706,703,No
Y,Y,707,704,No
S,S,708,705,No
N,N,709,706,No
N,N,710,707,No
S,S,711,708,No
I,I,712,709,No
A,A,713,710,No
I,I,714,711,No
P,P,715,712,No
T,T,716,713,No
N,N,717,714,No
F,F,718,715,No
T,T,719,716,No
I,I,720,717,No
S,S,721,718,No
V,V,722,719,No
T,T,723,720,No
T,T,724,721,No
E,E,725,722,No
I,I,726,723,No
L,L,727,724,No
P,P,728,725,No
V,V,729,726,No
S,S,730,727,No
M,M,731,728,No
T,T,732,729,No
K,K,733,730,No
T,T,734,731,No
S,S,735,732,No
V,V,736,733,No
D,D,737,734,No
C,C,738,735,No
T,T,739,736,No
M,M,740,737,No
Y,Y,741,738,No
I,I,742,739,No
C,C,743,740,No
G,G,744,741,No
D,D,745,742,No
S,S,746,743,No
T,T,747,744,No
E,E,748,745,No
C,C,749,746,No
S,S,750,747,No
N,N,751,748,No
L,L,752,749,No
L,L,753,750,No
L,L,754,751,No
Q,Q,755,752,No
Y,Y,756,753,No
G,G,757,754,No
S,S,758,755,No
F,F,759,756,No
C,C,760,757,No
T,T,761,758,No
Q,Q,762,759,No
L,L,763,760,No
N,K,764,761,Yes
R,R,765,762,No
A,A,766,763,No
L,L,767,764,No
T,T,768,765,No
G,G,769,766,No
I,I,770,767,No
A,A,771,768,No
V,V,772,769,No
E,E,773,770,No
Q,Q,774,771,No
D,D,775,772,No
K,K,776,773,No
N,N,777,774,No
T,T,778,775,No
Q,Q,779,776,No
E,E,780,777,No
V,V,781,778,No
F,F,782,779,No
A,A,783,780,No
Q,Q,784,781,No
V,V,785,782,No
K,K,786,783,No
Q,Q,787,784,No
I,I,788,785,No
Y,Y,789,786,No
K,K,790,787,No
T,T,791,788,No
P,P,792,789,No
P,P,793,790,No
I,I,794,791,No
K,K,795,792,No
D,Y,796,793,Yes
F,F,797,794,No
G,G,798,795,No
G,G,799,796,No
F,F,800,797,No
N,N,801,798,No
F,F,802,799,No
S,S,803,800,No
Q,Q,804,801,No
I,I,805,802,No
L,L,806,803,No
P,P,807,804,No
D,D,808,805,No
P,P,809,806,No
S,S,810,807,No
K,K,811,808,No
P,P,812,809,No
S,S,813,810,No
K,K,814,811,No
R,R,815,812,No
S,S,816,813,No
F,F,817,814,No
I,I,818,815,No
E,E,819,816,No
D,D,820,817,No
L,L,821,818,No
L,L,822,819,No
F,F,823,820,No
N,N,824,821,No
K,K,825,822,No
V,V,826,823,No
T,T,827,824,No
L,L,828,825,No
A,A,829,826,No
D,D,830,827,No
A,A,831,828,No
G,G,832,829,No
F,F,833,830,No
I,I,834,831,No
K,K,835,832,No
Q,Q,836,833,No
Y,Y,837,834,No
G,G,838,835,No
D,D,839,836,No
C,C,840,837,No
L,L,841,838,No
G,G,842,839,No
D,D,843,840,No
I,I,844,841,No
A,A,845,842,No
A,A,846,843,No
R,R,847,844,No
D,D,848,845,No
L,L,849,846,No
I,I,850,847,No
C,C,851,848,No
A,A,852,849,No
Q,Q,853,850,No
K,K,854,851,No
F,F,855,852,No
N,K,856,853,Yes
G,G,857,854,No
L,L,858,855,No
T,T,859,856,No
V,V,860,857,No
L,L,861,858,No
P,P,862,859,No
P,P,863,860,No
L,L,864,861,No
L,L,865,862,No
T,T,866,863,No
D,D,867,864,No
E,E,868,865,No
M,M,869,866,No
I,I,870,867,No
A,A,871,868,No
Q,Q,872,869,No
Y,Y,873,870,No
T,T,874,871,No
S,S,875,872,No
A,A,876,873,No
L,L,877,874,No
L,L,878,875,No
A,A,879,876,No
G,G,880,877,No
T,T,881,878,No
I,I,882,879,No
T,T,883,880,No
S,S,884,881,No
G,G,885,882,No
W,W,886,883,No
T,T,887,884,No
F,F,888,885,No
G,G,889,886,No
A,A,890,887,No
G,G,891,888,No
A,A,892,889,No
A,A,893,890,No
L,L,894,891,No
Q,Q,895,892,No
I,I,896,893,No
P,P,897,894,No
F,F,898,895,No
A,A,899,896,No
M,M,900,897,No
Q,Q,901,898,No
M,M,902,899,No
A,A,903,900,No
Y,Y,904,901,No
R,R,905,902,No
F,F,906,903,No
N,N,907,904,No
G,G,908,905,No
I,I,909,906,No
G,G,910,907,No
V,V,911,908,No
T,T,912,909,No
Q,Q,913,910,No
N,N,914,911,No
V,V,915,912,No
L,L,916,913,No
Y,Y,917,914,No
E,E,918,915,No
N,N,919,916,No
Q,Q,920,917,No
K,K,921,918,No
L,L,922,919,No
I,I,923,920,No
A,A,924,921,No
N,N,925,922,No
Q,Q,926,923,No
F,F,927,924,No
N,N,928,925,No
S,S,929,926,No
A,A,930,927,No
I,I,931,928,No
G,G,932,929,No
K,K,933,930,No
I,I,934,931,No
Q,Q,935,932,No
D,D,936,933,No
S,S,937,934,No
L,L,938,935,No
S,S,939,936,No
S,S,940,937,No
T,T,941,938,No
A,A,942,939,No
S,S,943,940,No
A,A,944,941,No
L,L,945,942,No
G,G,946,943,No
K,K,947,944,No
L,L,948,945,No
Q,Q,949,946,No
D,D,950,947,No
V,V,951,948,No
V,V,952,949,No
N,N,953,950,No
Q,H,954,951,Yes
N,N,955,952,No
A,A,956,953,No
Q,Q,957,954,No
A,A,958,955,No
L,L,959,956,No
N,N,960,957,No
T,T,961,958,No
L,L,962,959,No
V,V,963,960,No
K,K,964,961,No
Q,Q,965,962,No
L,L,966,963,No
S,S,967,964,No
S,S,968,965,No
N,K,969,966,Yes
F,F,970,967,No
G,G,971,968,No
A,A,972,969,No
I,I,973,970,No
S,S,974,971,No
S,S,975,972,No
V,V,976,973,No
L,L,977,974,No
N,N,978,975,No
D,D,979,976,No
I,I,980,977,No
L,F,981,978,Yes
S,S,982,979,No
R,R,983,980,No
L,L,984,981,No
D,D,985,982,No
K,K,986,983,No
V,V,987,984,No
E,E,988,985,No
A,A,989,986,No
E,E,990,987,No
V,V,991,988,No
Q,Q,992,989,No
I,I,993,990,No
D,D,994,991,No
R,R,995,992,No
L,L,996,993,No
I,I,997,994,No
T,T,998,995,No
G,G,999,996,No
R,R,1000,997,No
L,L,1001,998,No
Q,Q,1002,999,No
S,S,1003,1000,No
L,L,1004,1001,No
Q,Q,1005,1002,No
T,T,1006,1003,No
Y,Y,1007,1004,No
V,V,1008,1005,No
T,T,1009,1006,No
Q,Q,1010,1007,No
Q,Q,1011,1008,No
L,L,1012,1009,No
I,I,1013,1010,No
R,R,1014,1011,No
A,A,1015,1012,No
A,A,1016,1013,No
E,E,1017,1014,No
I,I,1018,1015,No
R,R,1019,1016,No
A,A,1020,1017,No
S,S,1021,1018,No
A,A,1022,1019,No
N,N,1023,1020,No
L,L,1024,1021,No
A,A,1025,1022,No
A,A,1026,1023,No
T,T,1027,1024,No
K,K,1028,1025,No
M,M,1029,1026,No
S,S,1030,1027,No
E,E,1031,1028,No
C,C,1032,1029,No
V,V,1033,1030,No
L,L,1034,1031,No
G,G,1035,1032,No
Q,Q,1036,1033,No
S,S,1037,1034,No
K,K,1038,1035,No
R,R,1039,1036,No
V,V,1040,1037,No
D,D,1041,1038,No
F,F,1042,1039,No
C,C,1043,1040,No
G,G,1044,1041,No
K,K,1045,1042,No
G,G,1046,1043,No
Y,Y,1047,1044,No
H,H,1048,1045,No
L,L,1049,1046,No
M,M,1050,1047,No
S,S,1051,1048,No
F,F,1052,1049,No
P,P,1053,1050,No
Q,Q,1054,1051,No
S,S,1055,1052,No
A,A,1056,1053,No
P,P,1057,1054,No
H,H,1058,1055,No
G,G,1059,1056,No
V,V,1060,1057,No
V,V,1061,1058,No
F,F,1062,1059,No
L,L,1063,1060,No
H,H,1064,1061,No
V,V,1065,1062,No
T,T,1066,1063,No
Y,Y,1067,1064,No
V,V,1068,1065,No
P,P,1069,1066,No
A,A,1070,1067,No
Q,Q,1071,1068,No
E,E,1072,1069,No
K,K,1073,1070,No
N,N,1074,1071,No
F,F,1075,1072,No
T,T,1076,1073,No
T,T,1077,1074,No
A,A,1078,1075,No
P,P,1079,1076,No
A,A,1080,1077,No
I,I,1081,1078,No
C,C,1082,1079,No
H,H,1083,1080,No
D,D,1084,1081,No
G,G,1085,1082,No
K,K,1086,1083,No
A,A,1087,1084,No
H,H,1088,1085,No
F,F,1089,1086,No
P,P,1090,1087,No
R,R,1091,1088,No
E,E,1092,1089,No
G,G,1093,1090,No
V,V,1094,1091,No
F,F,1095,1092,No
V,V,1096,1093,No
S,S,1097,1094,No
N,N,1098,1095,No
G,G,1099,1096,No
T,T,1100,1097,No
H,H,1101,1098,No
W,W,1102,1099,No
F,F,1103,1100,No
V,V,1104,1101,No
T,T,1105,1102,No
Q,Q,1106,1103,No
R,R,1107,1104,No
N,N,1108,1105,No
F,F,1109,1106,No
Y,Y,1110,1107,No
E,E,1111,1108,No
P,P,1112,1109,No
Q,Q,1113,1110,No
I,I,1114,1111,No
I,I,1115,1112,No
T,T,1116,1113,No
T,T,1117,1114,No
D,D,1118,1115,No
N,N,1119,1116,No
T,T,1120,1117,No
F,F,1121,1118,No
V,V,1122,1119,No
S,S,1123,1120,No
G,G,1124,1121,No
N,N,1125,1122,No
C,C,1126,1123,No
D,D,1127,1124,No
V,V,1128,1125,No
V,V,1129,1126,No
I,I,1130,1127,No
G,G,1131,1128,No
I,I,1132,1129,No
V,V,1133,1130,No
N,N,1134,1131,No
N,N,1135,1132,No
T,T,1136,1133,No
V,V,1137,1134,No
Y,Y,1138,1135,No
D,D,1139,1136,No
P,P,1140,1137,No
L,L,1141,1138,No
Q,Q,1142,1139,No
P,P,1143,1140,No
E,E,1144,1141,No
L,L,1145,1142,No
D,D,1146,1143,No
S,S,1147,1144,No
F,F,1148,1145,No
K,K,1149,1146,No
E,E,1150,1147,No
E,E,1151,1148,No
L,L,1152,1149,No
D,D,1153,1150,No
K,K,1154,1151,No
Y,Y,1155,1152,No
F,F,1156,1153,No
K,K,1157,1154,No
N,N,1158,1155,No
H,H,1159,1156,No
T,T,1160,1157,No
S,S,1161,1158,No
P,P,1162,1159,No
D,D,1163,1160,No
V,V,1164,1161,No
D,D,1165,1162,No
L,L,1166,1163,No
G,G,1167,1164,No
D,D,1168,1165,No
I,I,1169,1166,No
S,S,1170,1167,No
G,G,1171,1168,No
I,I,1172,1169,No
N,N,1173,1170,No
A,A,1174,1171,No
S,S,1175,1172,No
V,V,1176,1173,No
V,V,1177,1174,No
N,N,1178,1175,No
I,I,1179,1176,No
Q,Q,1180,1177,No
K,K,1181,1178,No
E,E,1182,1179,No
I,I,1183,1180,No
D,D,1184,1181,No
R,R,1185,1182,No
L,L,1186,1183,No
N,N,1187,1184,No
E,E,1188,1185,No
V,V,1189,1186,No
A,A,1190,1187,No
K,K,1191,1188,No
N,N,1192,1189,No
L,L,1193,1190,No
N,N,1194,1191,No
E,E,1195,1192,No
S,S,1196,1193,No
L,L,1197,1194,No
I,I,1198,1195,No
D,D,1199,1196,No
L,L,1200,1197,No
Q,Q,1201,1198,No
E,E,1202,1199,No
L,L,1203,1200,No
G,G,1204,1201,No
K,K,1205,1202,No
Y,Y,1206,1203,No
E,E,1207,1204,No
Q,Q,1208,1205,No
Y,Y,1209,1206,No
I,I,1210,1207,No
K,K,1211,1208,No
W,W,1212,1209,No
P,P,1213,1210,No
W,W,1214,1211,No
Y,Y,1215,1212,No
I,I,1216,1213,No
W,W,1217,1214,No
L,L,1218,1215,No
G,G,1219,1216,No
F,F,1220,1217,No
I,I,1221,1218,No
A,A,1222,1219,No
G,G,1223,1220,No
L,L,1224,1221,No
I,I,1225,1222,No
A,A,1226,1223,No
I,I,1227,1224,No
V,V,1228,1225,No
M,M,1229,1226,No
V,V,1230,1227,No
T,T,1231,1228,No
I,I,1232,1229,No
M,M,1233,1230,No
L,L,1234,1231,No
C,C,1235,1232,No
C,C,1236,1233,No
M,M,1237,1234,No
T,T,1238,1235,No
S,S,1239,1236,No
C,C,1240,1237,No
C,C,1241,1238,No
S,S,1242,1239,No
C,C,1243,1240,No
L,L,1244,1241,No
K,K,1245,1242,No
G,G,1246,1243,No
C,C,1247,1244,No
C,C,1248,1245,No
S,S,1249,1246,No
C,C,1250,1247,No
G,G,1251,1248,No
S,S,1252,1249,No